{
    "fpr": 0.3062568605927552,
    "pr_auc": 0.964718028911662,
    "roc_auc": 0.6489963461305821,
    "tpr": 0.532106845922519
}