{
    "pr_auc_score": 0.9560528959828076,
    "roc_auc": 0.6108048765379719
}