{
    "pr_auc_score": 0.9941737521129823,
    "roc_auc": 0.9173152768713387
}