{
    "pr_auc_score": 0.9858663255730253,
    "roc_auc": 0.839410526413901
}