{
    "pr_auc_score": 0.9608218944966727,
    "roc_auc": 0.6284416267321025
}