{
    "pr_auc_score": 0.9793805988303114,
    "roc_auc": 0.7717195322689856
}