{
    "pr_auc_score": 0.9679687608651316,
    "roc_auc": 0.6784820645439906
}