{
    "pr_auc_score": 0.956052880681713,
    "roc_auc": 0.610804837702138
}