{
    "pr_auc_score": 0.9558470590381855,
    "roc_auc": 0.6099164388783201
}